-- phpMyAdmin SQL Dump
-- version 5.2.0
-- https://www.phpmyadmin.net/
--
-- Servidor: 127.0.0.1
-- Tiempo de generación: 13-01-2024 a las 20:35:10
-- Versión del servidor: 10.4.27-MariaDB
-- Versión de PHP: 8.2.0

SET SQL_MODE = "NO_AUTO_VALUE_ON_ZERO";
START TRANSACTION;
SET time_zone = "+00:00";


/*!40101 SET @OLD_CHARACTER_SET_CLIENT=@@CHARACTER_SET_CLIENT */;
/*!40101 SET @OLD_CHARACTER_SET_RESULTS=@@CHARACTER_SET_RESULTS */;
/*!40101 SET @OLD_COLLATION_CONNECTION=@@COLLATION_CONNECTION */;
/*!40101 SET NAMES utf8mb4 */;

--
-- Base de datos: `formulario`
--
CREATE DATABASE IF NOT EXISTS `formulario` DEFAULT CHARACTER SET utf8mb4 COLLATE utf8mb4_general_ci;
USE `formulario`;

-- --------------------------------------------------------

--
-- Estructura de tabla para la tabla `citas`
--

CREATE TABLE `citas` (
  `id_citas` int(11) NOT NULL,
  `fecha` date NOT NULL,
  `hora` time NOT NULL,
  `id_paciente` int(11) NOT NULL,
  `id_medico` int(11) NOT NULL,
  `last_modified` timestamp NOT NULL DEFAULT current_timestamp(),
  `nombre_usuario_modificacion` varchar(255) DEFAULT NULL
) ENGINE=InnoDB DEFAULT CHARSET=utf8mb4 COLLATE=utf8mb4_general_ci;

--
-- Volcado de datos para la tabla `citas`
--

INSERT INTO `citas` (`id_citas`, `fecha`, `hora`, `id_paciente`, `id_medico`, `last_modified`, `nombre_usuario_modificacion`) VALUES
(47, '2024-01-16', '06:39:00', 18, 54, '2024-01-12 15:47:17', 'freilix'),
(48, '2024-01-10', '08:42:00', 19, 52, '2024-01-12 15:47:23', 'freilix'),
(50, '2024-01-29', '11:35:00', 16, 53, '2024-01-13 15:33:40', 'zuryy'),
(51, '2024-01-31', '17:33:00', 15, 49, '2024-01-13 16:18:03', 'rafa');

-- --------------------------------------------------------

--
-- Estructura de tabla para la tabla `informes`
--

CREATE TABLE `informes` (
  `id` int(11) NOT NULL,
  `contenido` text NOT NULL,
  `id_paciente` int(40) NOT NULL
) ENGINE=InnoDB DEFAULT CHARSET=utf8mb4 COLLATE=utf8mb4_general_ci;

-- --------------------------------------------------------

--
-- Estructura de tabla para la tabla `medicos`
--

CREATE TABLE `medicos` (
  `id` int(11) NOT NULL,
  `nombre` varchar(30) NOT NULL,
  `apellido` varchar(30) NOT NULL,
  `cedula` int(10) NOT NULL,
  `telefono` int(20) NOT NULL,
  `correo` varchar(30) NOT NULL,
  `especialidad` varchar(50) NOT NULL
) ENGINE=InnoDB DEFAULT CHARSET=utf8mb4 COLLATE=utf8mb4_general_ci;

--
-- Volcado de datos para la tabla `medicos`
--

INSERT INTO `medicos` (`id`, `nombre`, `apellido`, `cedula`, `telefono`, `correo`, `especialidad`) VALUES
(49, 'Rafael', 'Ordaz', 27169435, 414656005, 'rafaelordaz16@gmail.com', 'Medicina interna'),
(50, 'Yoli', 'De Ordaz', 11280459, 2147483647, 'yolisora@gmail.com', 'Gastroenterología'),
(51, 'Zury', 'Kar', 30233368, 2147483647, 'zuryk@gmail.com', 'Endocrinología'),
(52, 'Test', 'Test', 123, 0, 'Test@gmail.com', 'Cardiologia'),
(53, 'Freilix', 'Revilla', 28546673, 2147483647, 'freilix@gmail.com', 'Dermatología'),
(54, 'Oswaldo', 'Brenes', 1231231, 123124, 'aaa@gm', 'Pediatría'),
(55, '654321', '5432', 543254, 2842, '842@6', 'Alergología'),
(56, '2', '2', 2, 2, '22@gmail.com', 'Alergología');

-- --------------------------------------------------------

--
-- Estructura de tabla para la tabla `paciente`
--

CREATE TABLE `paciente` (
  `id` int(40) NOT NULL,
  `cedula` int(11) NOT NULL,
  `primer_nombre` varchar(30) NOT NULL,
  `segundo_nombre` varchar(30) NOT NULL,
  `primer_apellido` varchar(30) NOT NULL,
  `segundo_apellido` varchar(30) NOT NULL,
  `representante` varchar(30) NOT NULL,
  `fecha_nacimiento` date NOT NULL,
  `estado_civil` varchar(30) NOT NULL,
  `direccion` varchar(30) NOT NULL,
  `telefono` varchar(11) NOT NULL,
  `sexo` varchar(20) NOT NULL,
  `lugar_nacimiento` varchar(30) NOT NULL,
  `nacionalidad` varchar(30) NOT NULL,
  `correo` varchar(40) NOT NULL
) ENGINE=InnoDB DEFAULT CHARSET=utf8mb4 COLLATE=utf8mb4_general_ci;

--
-- Volcado de datos para la tabla `paciente`
--

INSERT INTO `paciente` (`id`, `cedula`, `primer_nombre`, `segundo_nombre`, `primer_apellido`, `segundo_apellido`, `representante`, `fecha_nacimiento`, `estado_civil`, `direccion`, `telefono`, `sexo`, `lugar_nacimiento`, `nacionalidad`, `correo`) VALUES
(7, 99999999, 'Test', 'Test', 'Test', 'Test', 'Test', '2022-12-31', 'Test', 'Test', 'Test', 'Test', 'Test', 'Test', 'Test@gmail.com'),
(9, 22222222, 'Prueba', 'Prueba', 'Prueba', 'Prueba', 'Prueba', '2017-09-29', 'Prueba', 'Prueba', 'Prueba', 'Prueba', 'Prueba', 'Prueba', 'Prueba@Prueba'),
(10, 27169435, 'Rafael', 'Alfonso', 'Ordaz', 'Bermudez', 'No', '2000-04-16', 'Soltero', 'La puerta', '04146560053', 'Masculino', 'Mcbo', 'Venezolano', 'rafa@gmail.com'),
(11, 6291831, 'Papa', 'papa', 'papa', 'papa', 'papa', '1993-12-31', 'casado', 'casa', '0231231231', 'masc', 'ccs', 'vene', 'papa@gmail.com'),
(12, 27169435, 'rafael', '1', '1', '1', '1', '2023-12-31', '1', '1', '1', '1', '1', '1', 'rafaelordaz16@gmail.com'),
(15, 1, '3', '3', '3', '3', '3', '0001-03-03', '3', '3', '3', '3', '3', '3', 'rafaelordaz16@gmail.com'),
(16, 1, '1', '1', '1', '1', '1', '0001-01-01', '1', '1', '1', '1', '1', '1', '1@1'),
(17, 123456, '123456', '12345', '2345', '12345', '2345', '2023-01-31', '12345', '23', '4234', '234', '5345', '345', '2@2'),
(18, 1, '9', '9', '9', '9', '9', '0009-12-09', '9', '9', '9', '9', '9', '9', 'rafaelordaz16@gmail.com'),
(19, 123456, 'Freilix', 'No se', 'Revilla', 'Mi pana', 'Nadie', '2020-12-31', 'Casado', 'Sucasita', '1234', 'Dudoso', 'hospitalito', 'veneco', 'freilixrevilla1@gmail.com');

-- --------------------------------------------------------

--
-- Estructura de tabla para la tabla `usuarios`
--

CREATE TABLE `usuarios` (
  `id` int(11) NOT NULL,
  `usuario` varchar(30) NOT NULL,
  `contrasena` varchar(100) NOT NULL,
  `correo` varchar(30) NOT NULL,
  `id_usuario_modificacion` int(11) NOT NULL,
  `pregunta1` varchar(255) DEFAULT NULL,
  `respuesta1` varchar(255) DEFAULT NULL,
  `pregunta2` varchar(255) DEFAULT NULL,
  `respuesta2` varchar(255) DEFAULT NULL
) ENGINE=InnoDB DEFAULT CHARSET=utf8mb4 COLLATE=utf8mb4_general_ci;

--
-- Volcado de datos para la tabla `usuarios`
--

INSERT INTO `usuarios` (`id`, `usuario`, `contrasena`, `correo`, `id_usuario_modificacion`, `pregunta1`, `respuesta1`, `pregunta2`, `respuesta2`) VALUES
(133, 'freilix', 's', 'rafaelordaz16@gmail.com', 0, NULL, NULL, NULL, NULL),
(134, 'rafa', '$2y$10$RGPQTxNyp38kNuuCuVAiQ.TxhbsIWukT.vTSWRBWEYAaQOqgrzm5m', 'rafaelordaz16@gmail.com', 0, NULL, NULL, NULL, NULL),
(135, 'rafael', '$2y$10$TtN5HqSzaBFxJjcmLF02tuUisBbXxw/6yTGbJnLlScM.6AQvzEeZS', 'rafaelordaz16@gmail.com', 0, NULL, NULL, NULL, NULL),
(137, 'zury', '$2y$10$yqJ07oDWRbi4eyX8Hz901eNn2XjPxTDL5aV5LpnlNQmEnukIpTF56', 'zury@gmail', 0, NULL, NULL, NULL, NULL),
(138, 'zuryy', '$2y$10$goZAFkuqS.GS00YcQHp1cecFYW5YvThw34lkMXgYa.G9k5JIX.mmy', 'zury@gmail', 0, NULL, NULL, NULL, NULL),
(139, '4', '$2y$10$Ahhh9nVnZczdixwhNy7Otes5CbUxzUpRRzZ5z.GKYs371tzOZLIKS', '4@e', 0, NULL, NULL, NULL, NULL);

--
-- Índices para tablas volcadas
--

--
-- Indices de la tabla `citas`
--
ALTER TABLE `citas`
  ADD PRIMARY KEY (`id_citas`);

--
-- Indices de la tabla `informes`
--
ALTER TABLE `informes`
  ADD PRIMARY KEY (`id`),
  ADD KEY `id_paciente` (`id_paciente`);

--
-- Indices de la tabla `medicos`
--
ALTER TABLE `medicos`
  ADD PRIMARY KEY (`id`);

--
-- Indices de la tabla `paciente`
--
ALTER TABLE `paciente`
  ADD PRIMARY KEY (`id`);

--
-- Indices de la tabla `usuarios`
--
ALTER TABLE `usuarios`
  ADD PRIMARY KEY (`id`);

--
-- AUTO_INCREMENT de las tablas volcadas
--

--
-- AUTO_INCREMENT de la tabla `citas`
--
ALTER TABLE `citas`
  MODIFY `id_citas` int(11) NOT NULL AUTO_INCREMENT, AUTO_INCREMENT=52;

--
-- AUTO_INCREMENT de la tabla `informes`
--
ALTER TABLE `informes`
  MODIFY `id` int(11) NOT NULL AUTO_INCREMENT, AUTO_INCREMENT=12;

--
-- AUTO_INCREMENT de la tabla `medicos`
--
ALTER TABLE `medicos`
  MODIFY `id` int(11) NOT NULL AUTO_INCREMENT, AUTO_INCREMENT=57;

--
-- AUTO_INCREMENT de la tabla `paciente`
--
ALTER TABLE `paciente`
  MODIFY `id` int(40) NOT NULL AUTO_INCREMENT, AUTO_INCREMENT=20;

--
-- AUTO_INCREMENT de la tabla `usuarios`
--
ALTER TABLE `usuarios`
  MODIFY `id` int(11) NOT NULL AUTO_INCREMENT, AUTO_INCREMENT=141;

--
-- Restricciones para tablas volcadas
--

--
-- Filtros para la tabla `informes`
--
ALTER TABLE `informes`
  ADD CONSTRAINT `informes_ibfk_1` FOREIGN KEY (`id_paciente`) REFERENCES `paciente` (`id`) ON DELETE CASCADE ON UPDATE CASCADE;
--
-- Base de datos: `medicina`
--
CREATE DATABASE IF NOT EXISTS `medicina` DEFAULT CHARACTER SET utf8mb4 COLLATE utf8mb4_general_ci;
USE `medicina`;

-- --------------------------------------------------------

--
-- Estructura de tabla para la tabla `citas`
--

CREATE TABLE `citas` (
  `id` int(11) NOT NULL,
  `fecha` date NOT NULL,
  `hora` time NOT NULL,
  `id_paciente` int(11) NOT NULL,
  `id_doctor` int(11) NOT NULL,
  `id_especialidad` int(11) NOT NULL,
  `observacion` varchar(250) NOT NULL,
  `estado` int(11) NOT NULL,
  `fecha_registro` timestamp NOT NULL DEFAULT current_timestamp()
) ENGINE=InnoDB DEFAULT CHARSET=utf8mb4 COLLATE=utf8mb4_general_ci;

--
-- Volcado de datos para la tabla `citas`
--

INSERT INTO `citas` (`id`, `fecha`, `hora`, `id_paciente`, `id_doctor`, `id_especialidad`, `observacion`, `estado`, `fecha_registro`) VALUES
(10, '2023-08-26', '09:12:00', 6, 7, 8, 'Ninguna1', 1, '2023-08-19 15:09:38'),
(11, '2023-10-02', '07:00:00', 9, 6, 7, 'n', 2, '2023-10-13 23:59:33'),
(12, '2023-11-18', '01:16:00', 11, 10, 7, 'no', 2, '2023-11-13 03:15:54');

-- --------------------------------------------------------

--
-- Estructura de tabla para la tabla `doctor`
--

CREATE TABLE `doctor` (
  `id` int(11) NOT NULL,
  `cedula` int(50) NOT NULL,
  `nombres` varchar(50) NOT NULL,
  `id_especialidad` int(11) NOT NULL,
  `sexo` varchar(50) NOT NULL,
  `telefono` varchar(50) NOT NULL,
  `fecha` date NOT NULL,
  `correo` varchar(50) NOT NULL DEFAULT current_timestamp(),
  `fecha_registro` timestamp NOT NULL DEFAULT current_timestamp()
) ENGINE=InnoDB DEFAULT CHARSET=utf8mb4 COLLATE=utf8mb4_general_ci;

--
-- Volcado de datos para la tabla `doctor`
--

INSERT INTO `doctor` (`id`, `cedula`, `nombres`, `id_especialidad`, `sexo`, `telefono`, `fecha`, `correo`, `fecha_registro`) VALUES
(6, 101, 'Alex Castillo Cervantes', 8, 'Masculino', '99111656701', '2022-09-05', 'mugarte5672@gmail.com.mx', '2022-09-05 15:56:14'),
(7, 8, 'Emmanuel Mugarte', 5, 'Masculino', '99111656701', '2023-08-19', 'lex@hotmail.com', '2023-08-19 14:54:13'),
(9, 57, 'Kelly Castillo Cervantes', 6, 'Masculino', '99111656701', '2023-08-19', 'lex@hotmail.com', '2023-08-19 14:58:13'),
(10, 2, 'Zury', 7, 'Femenino', '04246665552', '1122-02-12', 'zury@gmail', '2023-11-13 03:15:02');

-- --------------------------------------------------------

--
-- Estructura de tabla para la tabla `especialidades`
--

CREATE TABLE `especialidades` (
  `id` int(11) NOT NULL,
  `nombre` varchar(100) NOT NULL,
  `fecha` timestamp NOT NULL DEFAULT current_timestamp()
) ENGINE=InnoDB DEFAULT CHARSET=utf8mb4 COLLATE=utf8mb4_general_ci;

--
-- Volcado de datos para la tabla `especialidades`
--

INSERT INTO `especialidades` (`id`, `nombre`, `fecha`) VALUES
(1, 'Medicina General', '2022-08-25 01:20:04'),
(5, 'Cardiologia', '2022-08-25 01:51:36'),
(6, 'Pediatria', '2022-08-25 01:51:51'),
(7, 'Dermatologia', '2022-08-25 06:11:51'),
(8, 'Odontologia', '2022-08-25 16:46:32'),
(9, 'Fisioterapia', '2023-08-19 15:20:32');

-- --------------------------------------------------------

--
-- Estructura de tabla para la tabla `estado`
--

CREATE TABLE `estado` (
  `id` int(11) NOT NULL,
  `estado` varchar(50) NOT NULL
) ENGINE=InnoDB DEFAULT CHARSET=utf8mb4 COLLATE=utf8mb4_general_ci;

--
-- Volcado de datos para la tabla `estado`
--

INSERT INTO `estado` (`id`, `estado`) VALUES
(1, 'Atendido'),
(2, 'Pendiente');

-- --------------------------------------------------------

--
-- Estructura de tabla para la tabla `horario`
--

CREATE TABLE `horario` (
  `id` int(11) NOT NULL,
  `dias` varchar(50) NOT NULL,
  `id_doctor` int(11) NOT NULL,
  `fecha` timestamp NOT NULL DEFAULT current_timestamp()
) ENGINE=InnoDB DEFAULT CHARSET=utf8mb4 COLLATE=utf8mb4_general_ci;

--
-- Volcado de datos para la tabla `horario`
--

INSERT INTO `horario` (`id`, `dias`, `id_doctor`, `fecha`) VALUES
(1, 'Lunes, Jueves, Sabado', 6, '2022-08-25 06:02:19'),
(4, 'Domingos, Lunes, Viernes', 7, '2022-08-25 16:44:49'),
(5, 'Martes', 9, '2023-08-19 15:22:47');

-- --------------------------------------------------------

--
-- Estructura de tabla para la tabla `pacientes`
--

CREATE TABLE `pacientes` (
  `id` int(11) NOT NULL,
  `nombre` varchar(50) NOT NULL,
  `sexo` varchar(50) NOT NULL,
  `correo` varchar(50) NOT NULL,
  `telefono` varchar(50) NOT NULL,
  `fecha` timestamp NULL DEFAULT current_timestamp(),
  `estado` varchar(50) NOT NULL
) ENGINE=InnoDB DEFAULT CHARSET=utf8mb4 COLLATE=utf8mb4_general_ci;

--
-- Volcado de datos para la tabla `pacientes`
--

INSERT INTO `pacientes` (`id`, `nombre`, `sexo`, `correo`, `telefono`, `fecha`, `estado`) VALUES
(6, 'Johan', 'Masculino', 'usuario@gmail.com', '773', '2022-08-25 14:47:15', 'Pendiente'),
(7, 'Francisco', 'Masculino', 'yomero@gmail.com', '78637832', '2022-08-25 16:48:03', 'Atendido'),
(8, 'Juan', 'Masculino', 'Usuario@gmail.com', '1654684', '2022-08-27 13:33:30', 'Pendiente'),
(9, 'Ernesto Cruz', 'Masculino', 'ernesto24@gmail.com', '99111656701', '2022-08-29 16:10:09', 'Pendiente'),
(10, 'usuario', 'Masculino', 'campos12@gmail.com', '99111656701', '2023-08-19 15:19:49', 'Pendiente'),
(11, 'Rafael', 'Masculino', 'rafaelordaz16@gmail.com', '04146560053', '2023-11-13 03:14:13', 'Pendiente');

-- --------------------------------------------------------

--
-- Estructura de tabla para la tabla `roles`
--

CREATE TABLE `roles` (
  `id` int(11) NOT NULL,
  `rol` varchar(50) NOT NULL
) ENGINE=InnoDB DEFAULT CHARSET=utf8mb4 COLLATE=utf8mb4_general_ci;

--
-- Volcado de datos para la tabla `roles`
--

INSERT INTO `roles` (`id`, `rol`) VALUES
(1, 'Administrador'),
(2, 'Empleado'),
(3, 'Paciente');

-- --------------------------------------------------------

--
-- Estructura de tabla para la tabla `user`
--

CREATE TABLE `user` (
  `id` int(11) NOT NULL,
  `nombre` varchar(50) NOT NULL,
  `correo` varchar(50) NOT NULL,
  `password` varchar(50) NOT NULL,
  `fecha` timestamp NOT NULL DEFAULT current_timestamp(),
  `rol` int(11) NOT NULL
) ENGINE=InnoDB DEFAULT CHARSET=utf8mb4 COLLATE=utf8mb4_general_ci;

--
-- Volcado de datos para la tabla `user`
--

INSERT INTO `user` (`id`, `nombre`, `correo`, `password`, `fecha`, `rol`) VALUES
(12, 'user', 'usuario@gmail.com', '12345', '2022-08-27 16:43:37', 2),
(13, 'Administrador', 'admin@softcodepm.com', '12345', '2022-08-29 14:22:36', 1);

--
-- Índices para tablas volcadas
--

--
-- Indices de la tabla `citas`
--
ALTER TABLE `citas`
  ADD PRIMARY KEY (`id`);

--
-- Indices de la tabla `doctor`
--
ALTER TABLE `doctor`
  ADD PRIMARY KEY (`id`);

--
-- Indices de la tabla `especialidades`
--
ALTER TABLE `especialidades`
  ADD PRIMARY KEY (`id`);

--
-- Indices de la tabla `estado`
--
ALTER TABLE `estado`
  ADD PRIMARY KEY (`id`);

--
-- Indices de la tabla `horario`
--
ALTER TABLE `horario`
  ADD PRIMARY KEY (`id`);

--
-- Indices de la tabla `pacientes`
--
ALTER TABLE `pacientes`
  ADD PRIMARY KEY (`id`);

--
-- Indices de la tabla `roles`
--
ALTER TABLE `roles`
  ADD PRIMARY KEY (`id`);

--
-- Indices de la tabla `user`
--
ALTER TABLE `user`
  ADD PRIMARY KEY (`id`),
  ADD UNIQUE KEY `correo` (`correo`),
  ADD KEY `permisos` (`rol`);

--
-- AUTO_INCREMENT de las tablas volcadas
--

--
-- AUTO_INCREMENT de la tabla `citas`
--
ALTER TABLE `citas`
  MODIFY `id` int(11) NOT NULL AUTO_INCREMENT, AUTO_INCREMENT=13;

--
-- AUTO_INCREMENT de la tabla `doctor`
--
ALTER TABLE `doctor`
  MODIFY `id` int(11) NOT NULL AUTO_INCREMENT, AUTO_INCREMENT=11;

--
-- AUTO_INCREMENT de la tabla `especialidades`
--
ALTER TABLE `especialidades`
  MODIFY `id` int(11) NOT NULL AUTO_INCREMENT, AUTO_INCREMENT=10;

--
-- AUTO_INCREMENT de la tabla `estado`
--
ALTER TABLE `estado`
  MODIFY `id` int(11) NOT NULL AUTO_INCREMENT, AUTO_INCREMENT=3;

--
-- AUTO_INCREMENT de la tabla `horario`
--
ALTER TABLE `horario`
  MODIFY `id` int(11) NOT NULL AUTO_INCREMENT, AUTO_INCREMENT=6;

--
-- AUTO_INCREMENT de la tabla `pacientes`
--
ALTER TABLE `pacientes`
  MODIFY `id` int(11) NOT NULL AUTO_INCREMENT, AUTO_INCREMENT=12;

--
-- AUTO_INCREMENT de la tabla `roles`
--
ALTER TABLE `roles`
  MODIFY `id` int(11) NOT NULL AUTO_INCREMENT, AUTO_INCREMENT=4;

--
-- AUTO_INCREMENT de la tabla `user`
--
ALTER TABLE `user`
  MODIFY `id` int(11) NOT NULL AUTO_INCREMENT, AUTO_INCREMENT=14;

--
-- Restricciones para tablas volcadas
--

--
-- Filtros para la tabla `user`
--
ALTER TABLE `user`
  ADD CONSTRAINT `permisos` FOREIGN KEY (`rol`) REFERENCES `roles` (`id`);
--
-- Base de datos: `phpmyadmin`
--
CREATE DATABASE IF NOT EXISTS `phpmyadmin` DEFAULT CHARACTER SET utf8 COLLATE utf8_bin;
USE `phpmyadmin`;

-- --------------------------------------------------------

--
-- Estructura de tabla para la tabla `pma__bookmark`
--

CREATE TABLE `pma__bookmark` (
  `id` int(10) UNSIGNED NOT NULL,
  `dbase` varchar(255) NOT NULL DEFAULT '',
  `user` varchar(255) NOT NULL DEFAULT '',
  `label` varchar(255) CHARACTER SET utf8 COLLATE utf8_general_ci NOT NULL DEFAULT '',
  `query` text NOT NULL
) ENGINE=InnoDB DEFAULT CHARSET=utf8 COLLATE=utf8_bin COMMENT='Bookmarks';

-- --------------------------------------------------------

--
-- Estructura de tabla para la tabla `pma__central_columns`
--

CREATE TABLE `pma__central_columns` (
  `db_name` varchar(64) NOT NULL,
  `col_name` varchar(64) NOT NULL,
  `col_type` varchar(64) NOT NULL,
  `col_length` text DEFAULT NULL,
  `col_collation` varchar(64) NOT NULL,
  `col_isNull` tinyint(1) NOT NULL,
  `col_extra` varchar(255) DEFAULT '',
  `col_default` text DEFAULT NULL
) ENGINE=InnoDB DEFAULT CHARSET=utf8 COLLATE=utf8_bin COMMENT='Central list of columns';

-- --------------------------------------------------------

--
-- Estructura de tabla para la tabla `pma__column_info`
--

CREATE TABLE `pma__column_info` (
  `id` int(5) UNSIGNED NOT NULL,
  `db_name` varchar(64) NOT NULL DEFAULT '',
  `table_name` varchar(64) NOT NULL DEFAULT '',
  `column_name` varchar(64) NOT NULL DEFAULT '',
  `comment` varchar(255) CHARACTER SET utf8 COLLATE utf8_general_ci NOT NULL DEFAULT '',
  `mimetype` varchar(255) CHARACTER SET utf8 COLLATE utf8_general_ci NOT NULL DEFAULT '',
  `transformation` varchar(255) NOT NULL DEFAULT '',
  `transformation_options` varchar(255) NOT NULL DEFAULT '',
  `input_transformation` varchar(255) NOT NULL DEFAULT '',
  `input_transformation_options` varchar(255) NOT NULL DEFAULT ''
) ENGINE=InnoDB DEFAULT CHARSET=utf8 COLLATE=utf8_bin COMMENT='Column information for phpMyAdmin';

-- --------------------------------------------------------

--
-- Estructura de tabla para la tabla `pma__designer_settings`
--

CREATE TABLE `pma__designer_settings` (
  `username` varchar(64) NOT NULL,
  `settings_data` text NOT NULL
) ENGINE=InnoDB DEFAULT CHARSET=utf8 COLLATE=utf8_bin COMMENT='Settings related to Designer';

--
-- Volcado de datos para la tabla `pma__designer_settings`
--

INSERT INTO `pma__designer_settings` (`username`, `settings_data`) VALUES
('root', '{\"angular_direct\":\"direct\",\"relation_lines\":\"true\",\"snap_to_grid\":\"off\"}');

-- --------------------------------------------------------

--
-- Estructura de tabla para la tabla `pma__export_templates`
--

CREATE TABLE `pma__export_templates` (
  `id` int(5) UNSIGNED NOT NULL,
  `username` varchar(64) NOT NULL,
  `export_type` varchar(10) NOT NULL,
  `template_name` varchar(64) NOT NULL,
  `template_data` text NOT NULL
) ENGINE=InnoDB DEFAULT CHARSET=utf8 COLLATE=utf8_bin COMMENT='Saved export templates';

--
-- Volcado de datos para la tabla `pma__export_templates`
--

INSERT INTO `pma__export_templates` (`id`, `username`, `export_type`, `template_name`, `template_data`) VALUES
(1, 'root', 'database', 'base de datos', '{\"quick_or_custom\":\"quick\",\"what\":\"sql\",\"structure_or_data_forced\":\"0\",\"table_select[]\":[\"informes\",\"inicio\",\"medicos\",\"paciente\"],\"table_structure[]\":[\"informes\",\"inicio\",\"medicos\",\"paciente\"],\"table_data[]\":[\"informes\",\"inicio\",\"medicos\",\"paciente\"],\"aliases_new\":\"\",\"output_format\":\"sendit\",\"filename_template\":\"@DATABASE@\",\"remember_template\":\"on\",\"charset\":\"utf-8\",\"compression\":\"none\",\"maxsize\":\"\",\"codegen_structure_or_data\":\"data\",\"codegen_format\":\"0\",\"csv_separator\":\",\",\"csv_enclosed\":\"\\\"\",\"csv_escaped\":\"\\\"\",\"csv_terminated\":\"AUTO\",\"csv_null\":\"NULL\",\"csv_structure_or_data\":\"data\",\"excel_null\":\"NULL\",\"excel_columns\":\"something\",\"excel_edition\":\"win\",\"excel_structure_or_data\":\"data\",\"json_structure_or_data\":\"data\",\"json_unicode\":\"something\",\"latex_caption\":\"something\",\"latex_structure_or_data\":\"structure_and_data\",\"latex_structure_caption\":\"Estructura de la tabla @TABLE@\",\"latex_structure_continued_caption\":\"Estructura de la tabla @TABLE@ (continúa)\",\"latex_structure_label\":\"tab:@TABLE@-structure\",\"latex_relation\":\"something\",\"latex_comments\":\"something\",\"latex_mime\":\"something\",\"latex_columns\":\"something\",\"latex_data_caption\":\"Contenido de la tabla @TABLE@\",\"latex_data_continued_caption\":\"Contenido de la tabla @TABLE@ (continúa)\",\"latex_data_label\":\"tab:@TABLE@-data\",\"latex_null\":\"\\\\textit{NULL}\",\"mediawiki_structure_or_data\":\"structure_and_data\",\"mediawiki_caption\":\"something\",\"mediawiki_headers\":\"something\",\"htmlword_structure_or_data\":\"structure_and_data\",\"htmlword_null\":\"NULL\",\"ods_null\":\"NULL\",\"ods_structure_or_data\":\"data\",\"odt_structure_or_data\":\"structure_and_data\",\"odt_relation\":\"something\",\"odt_comments\":\"something\",\"odt_mime\":\"something\",\"odt_columns\":\"something\",\"odt_null\":\"NULL\",\"pdf_report_title\":\"\",\"pdf_structure_or_data\":\"structure_and_data\",\"phparray_structure_or_data\":\"data\",\"sql_include_comments\":\"something\",\"sql_header_comment\":\"\",\"sql_use_transaction\":\"something\",\"sql_compatibility\":\"NONE\",\"sql_structure_or_data\":\"structure_and_data\",\"sql_create_table\":\"something\",\"sql_auto_increment\":\"something\",\"sql_create_view\":\"something\",\"sql_procedure_function\":\"something\",\"sql_create_trigger\":\"something\",\"sql_backquotes\":\"something\",\"sql_type\":\"INSERT\",\"sql_insert_syntax\":\"both\",\"sql_max_query_size\":\"50000\",\"sql_hex_for_binary\":\"something\",\"sql_utc_time\":\"something\",\"texytext_structure_or_data\":\"structure_and_data\",\"texytext_null\":\"NULL\",\"xml_structure_or_data\":\"data\",\"xml_export_events\":\"something\",\"xml_export_functions\":\"something\",\"xml_export_procedures\":\"something\",\"xml_export_tables\":\"something\",\"xml_export_triggers\":\"something\",\"xml_export_views\":\"something\",\"xml_export_contents\":\"something\",\"yaml_structure_or_data\":\"data\",\"\":null,\"lock_tables\":null,\"as_separate_files\":null,\"csv_removeCRLF\":null,\"csv_columns\":null,\"excel_removeCRLF\":null,\"json_pretty_print\":null,\"htmlword_columns\":null,\"ods_columns\":null,\"sql_dates\":null,\"sql_relation\":null,\"sql_mime\":null,\"sql_disable_fk\":null,\"sql_views_as_tables\":null,\"sql_metadata\":null,\"sql_create_database\":null,\"sql_drop_table\":null,\"sql_if_not_exists\":null,\"sql_simple_view_export\":null,\"sql_view_current_user\":null,\"sql_or_replace_view\":null,\"sql_truncate\":null,\"sql_delayed\":null,\"sql_ignore\":null,\"texytext_columns\":null}'),
(2, 'root', 'database', 'formulario', '{\"quick_or_custom\":\"quick\",\"what\":\"sql\",\"structure_or_data_forced\":\"0\",\"table_select[]\":[\"citas\",\"informes\",\"medicos\",\"paciente\",\"usuarios\"],\"table_structure[]\":[\"citas\",\"informes\",\"medicos\",\"paciente\",\"usuarios\"],\"table_data[]\":[\"citas\",\"informes\",\"medicos\",\"paciente\",\"usuarios\"],\"aliases_new\":\"\",\"output_format\":\"sendit\",\"filename_template\":\"@DATABASE@\",\"remember_template\":\"on\",\"charset\":\"utf-8\",\"compression\":\"none\",\"maxsize\":\"\",\"codegen_structure_or_data\":\"data\",\"codegen_format\":\"0\",\"csv_separator\":\",\",\"csv_enclosed\":\"\\\"\",\"csv_escaped\":\"\\\"\",\"csv_terminated\":\"AUTO\",\"csv_null\":\"NULL\",\"csv_structure_or_data\":\"data\",\"excel_null\":\"NULL\",\"excel_columns\":\"something\",\"excel_edition\":\"win\",\"excel_structure_or_data\":\"data\",\"json_structure_or_data\":\"data\",\"json_unicode\":\"something\",\"latex_caption\":\"something\",\"latex_structure_or_data\":\"structure_and_data\",\"latex_structure_caption\":\"Estructura de la tabla @TABLE@\",\"latex_structure_continued_caption\":\"Estructura de la tabla @TABLE@ (continúa)\",\"latex_structure_label\":\"tab:@TABLE@-structure\",\"latex_relation\":\"something\",\"latex_comments\":\"something\",\"latex_mime\":\"something\",\"latex_columns\":\"something\",\"latex_data_caption\":\"Contenido de la tabla @TABLE@\",\"latex_data_continued_caption\":\"Contenido de la tabla @TABLE@ (continúa)\",\"latex_data_label\":\"tab:@TABLE@-data\",\"latex_null\":\"\\\\textit{NULL}\",\"mediawiki_structure_or_data\":\"structure_and_data\",\"mediawiki_caption\":\"something\",\"mediawiki_headers\":\"something\",\"htmlword_structure_or_data\":\"structure_and_data\",\"htmlword_null\":\"NULL\",\"ods_null\":\"NULL\",\"ods_structure_or_data\":\"data\",\"odt_structure_or_data\":\"structure_and_data\",\"odt_relation\":\"something\",\"odt_comments\":\"something\",\"odt_mime\":\"something\",\"odt_columns\":\"something\",\"odt_null\":\"NULL\",\"pdf_report_title\":\"\",\"pdf_structure_or_data\":\"structure_and_data\",\"phparray_structure_or_data\":\"data\",\"sql_include_comments\":\"something\",\"sql_header_comment\":\"\",\"sql_use_transaction\":\"something\",\"sql_compatibility\":\"NONE\",\"sql_structure_or_data\":\"structure_and_data\",\"sql_create_table\":\"something\",\"sql_auto_increment\":\"something\",\"sql_create_view\":\"something\",\"sql_procedure_function\":\"something\",\"sql_create_trigger\":\"something\",\"sql_backquotes\":\"something\",\"sql_type\":\"INSERT\",\"sql_insert_syntax\":\"both\",\"sql_max_query_size\":\"50000\",\"sql_hex_for_binary\":\"something\",\"sql_utc_time\":\"something\",\"texytext_structure_or_data\":\"structure_and_data\",\"texytext_null\":\"NULL\",\"xml_structure_or_data\":\"data\",\"xml_export_events\":\"something\",\"xml_export_functions\":\"something\",\"xml_export_procedures\":\"something\",\"xml_export_tables\":\"something\",\"xml_export_triggers\":\"something\",\"xml_export_views\":\"something\",\"xml_export_contents\":\"something\",\"yaml_structure_or_data\":\"data\",\"\":null,\"lock_tables\":null,\"as_separate_files\":null,\"csv_removeCRLF\":null,\"csv_columns\":null,\"excel_removeCRLF\":null,\"json_pretty_print\":null,\"htmlword_columns\":null,\"ods_columns\":null,\"sql_dates\":null,\"sql_relation\":null,\"sql_mime\":null,\"sql_disable_fk\":null,\"sql_views_as_tables\":null,\"sql_metadata\":null,\"sql_create_database\":null,\"sql_drop_table\":null,\"sql_if_not_exists\":null,\"sql_simple_view_export\":null,\"sql_view_current_user\":null,\"sql_or_replace_view\":null,\"sql_truncate\":null,\"sql_delayed\":null,\"sql_ignore\":null,\"texytext_columns\":null}');

-- --------------------------------------------------------

--
-- Estructura de tabla para la tabla `pma__favorite`
--

CREATE TABLE `pma__favorite` (
  `username` varchar(64) NOT NULL,
  `tables` text NOT NULL
) ENGINE=InnoDB DEFAULT CHARSET=utf8 COLLATE=utf8_bin COMMENT='Favorite tables';

-- --------------------------------------------------------

--
-- Estructura de tabla para la tabla `pma__history`
--

CREATE TABLE `pma__history` (
  `id` bigint(20) UNSIGNED NOT NULL,
  `username` varchar(64) NOT NULL DEFAULT '',
  `db` varchar(64) NOT NULL DEFAULT '',
  `table` varchar(64) NOT NULL DEFAULT '',
  `timevalue` timestamp NOT NULL DEFAULT current_timestamp(),
  `sqlquery` text NOT NULL
) ENGINE=InnoDB DEFAULT CHARSET=utf8 COLLATE=utf8_bin COMMENT='SQL history for phpMyAdmin';

-- --------------------------------------------------------

--
-- Estructura de tabla para la tabla `pma__navigationhiding`
--

CREATE TABLE `pma__navigationhiding` (
  `username` varchar(64) NOT NULL,
  `item_name` varchar(64) NOT NULL,
  `item_type` varchar(64) NOT NULL,
  `db_name` varchar(64) NOT NULL,
  `table_name` varchar(64) NOT NULL
) ENGINE=InnoDB DEFAULT CHARSET=utf8 COLLATE=utf8_bin COMMENT='Hidden items of navigation tree';

-- --------------------------------------------------------

--
-- Estructura de tabla para la tabla `pma__pdf_pages`
--

CREATE TABLE `pma__pdf_pages` (
  `db_name` varchar(64) NOT NULL DEFAULT '',
  `page_nr` int(10) UNSIGNED NOT NULL,
  `page_descr` varchar(50) CHARACTER SET utf8 COLLATE utf8_general_ci NOT NULL DEFAULT ''
) ENGINE=InnoDB DEFAULT CHARSET=utf8 COLLATE=utf8_bin COMMENT='PDF relation pages for phpMyAdmin';

-- --------------------------------------------------------

--
-- Estructura de tabla para la tabla `pma__recent`
--

CREATE TABLE `pma__recent` (
  `username` varchar(64) NOT NULL,
  `tables` text NOT NULL
) ENGINE=InnoDB DEFAULT CHARSET=utf8 COLLATE=utf8_bin COMMENT='Recently accessed tables';

--
-- Volcado de datos para la tabla `pma__recent`
--

INSERT INTO `pma__recent` (`username`, `tables`) VALUES
('root', '[{\"db\":\"formulario\",\"table\":\"usuarios\"},{\"db\":\"formulario\",\"table\":\"citas\"},{\"db\":\"formulario\",\"table\":\"paciente\"},{\"db\":\"formulario\",\"table\":\"informes\"},{\"db\":\"formulario\",\"table\":\"medicos\"},{\"db\":\"medicina\",\"table\":\"citas\"},{\"db\":\"medicina\",\"table\":\"doctor\"},{\"db\":\"medicina\",\"table\":\"pacientes\"},{\"db\":\"formulario\",\"table\":\"login\"},{\"db\":\"formulario\",\"table\":\"inicio\"}]');

-- --------------------------------------------------------

--
-- Estructura de tabla para la tabla `pma__relation`
--

CREATE TABLE `pma__relation` (
  `master_db` varchar(64) NOT NULL DEFAULT '',
  `master_table` varchar(64) NOT NULL DEFAULT '',
  `master_field` varchar(64) NOT NULL DEFAULT '',
  `foreign_db` varchar(64) NOT NULL DEFAULT '',
  `foreign_table` varchar(64) NOT NULL DEFAULT '',
  `foreign_field` varchar(64) NOT NULL DEFAULT ''
) ENGINE=InnoDB DEFAULT CHARSET=utf8 COLLATE=utf8_bin COMMENT='Relation table';

-- --------------------------------------------------------

--
-- Estructura de tabla para la tabla `pma__savedsearches`
--

CREATE TABLE `pma__savedsearches` (
  `id` int(5) UNSIGNED NOT NULL,
  `username` varchar(64) NOT NULL DEFAULT '',
  `db_name` varchar(64) NOT NULL DEFAULT '',
  `search_name` varchar(64) NOT NULL DEFAULT '',
  `search_data` text NOT NULL
) ENGINE=InnoDB DEFAULT CHARSET=utf8 COLLATE=utf8_bin COMMENT='Saved searches';

-- --------------------------------------------------------

--
-- Estructura de tabla para la tabla `pma__table_coords`
--

CREATE TABLE `pma__table_coords` (
  `db_name` varchar(64) NOT NULL DEFAULT '',
  `table_name` varchar(64) NOT NULL DEFAULT '',
  `pdf_page_number` int(11) NOT NULL DEFAULT 0,
  `x` float UNSIGNED NOT NULL DEFAULT 0,
  `y` float UNSIGNED NOT NULL DEFAULT 0
) ENGINE=InnoDB DEFAULT CHARSET=utf8 COLLATE=utf8_bin COMMENT='Table coordinates for phpMyAdmin PDF output';

-- --------------------------------------------------------

--
-- Estructura de tabla para la tabla `pma__table_info`
--

CREATE TABLE `pma__table_info` (
  `db_name` varchar(64) NOT NULL DEFAULT '',
  `table_name` varchar(64) NOT NULL DEFAULT '',
  `display_field` varchar(64) NOT NULL DEFAULT ''
) ENGINE=InnoDB DEFAULT CHARSET=utf8 COLLATE=utf8_bin COMMENT='Table information for phpMyAdmin';

-- --------------------------------------------------------

--
-- Estructura de tabla para la tabla `pma__table_uiprefs`
--

CREATE TABLE `pma__table_uiprefs` (
  `username` varchar(64) NOT NULL,
  `db_name` varchar(64) NOT NULL,
  `table_name` varchar(64) NOT NULL,
  `prefs` text NOT NULL,
  `last_update` timestamp NOT NULL DEFAULT current_timestamp() ON UPDATE current_timestamp()
) ENGINE=InnoDB DEFAULT CHARSET=utf8 COLLATE=utf8_bin COMMENT='Tables'' UI preferences';

--
-- Volcado de datos para la tabla `pma__table_uiprefs`
--

INSERT INTO `pma__table_uiprefs` (`username`, `db_name`, `table_name`, `prefs`, `last_update`) VALUES
('root', 'formulario', 'citas', '{\"sorted_col\":\"`citas`.`hora` ASC\"}', '2023-11-22 15:39:53'),
('root', 'formulario', 'medicos', '{\"sorted_col\":\"`medicos`.`correo` ASC\"}', '2023-12-12 16:00:53'),
('root', 'formulario', 'usuarios', '{\"sorted_col\":\"`usuarios`.`correo` ASC\"}', '2023-12-12 16:03:07'),
('root', 'hospital', 'usuarios', '{\"sorted_col\":\"`usuarios`.`nombre` ASC\"}', '2023-09-30 17:31:22'),
('root', 'medicina', 'citas', '{\"sorted_col\":\"`citas`.`id_paciente` DESC\"}', '2023-11-13 03:19:56');

-- --------------------------------------------------------

--
-- Estructura de tabla para la tabla `pma__tracking`
--

CREATE TABLE `pma__tracking` (
  `db_name` varchar(64) NOT NULL,
  `table_name` varchar(64) NOT NULL,
  `version` int(10) UNSIGNED NOT NULL,
  `date_created` datetime NOT NULL,
  `date_updated` datetime NOT NULL,
  `schema_snapshot` text NOT NULL,
  `schema_sql` text DEFAULT NULL,
  `data_sql` longtext DEFAULT NULL,
  `tracking` set('UPDATE','REPLACE','INSERT','DELETE','TRUNCATE','CREATE DATABASE','ALTER DATABASE','DROP DATABASE','CREATE TABLE','ALTER TABLE','RENAME TABLE','DROP TABLE','CREATE INDEX','DROP INDEX','CREATE VIEW','ALTER VIEW','DROP VIEW') DEFAULT NULL,
  `tracking_active` int(1) UNSIGNED NOT NULL DEFAULT 1
) ENGINE=InnoDB DEFAULT CHARSET=utf8 COLLATE=utf8_bin COMMENT='Database changes tracking for phpMyAdmin';

-- --------------------------------------------------------

--
-- Estructura de tabla para la tabla `pma__userconfig`
--

CREATE TABLE `pma__userconfig` (
  `username` varchar(64) NOT NULL,
  `timevalue` timestamp NOT NULL DEFAULT current_timestamp() ON UPDATE current_timestamp(),
  `config_data` text NOT NULL
) ENGINE=InnoDB DEFAULT CHARSET=utf8 COLLATE=utf8_bin COMMENT='User preferences storage for phpMyAdmin';

--
-- Volcado de datos para la tabla `pma__userconfig`
--

INSERT INTO `pma__userconfig` (`username`, `timevalue`, `config_data`) VALUES
('root', '2024-01-13 19:34:49', '{\"Console\\/Mode\":\"collapse\",\"lang\":\"es\"}');

-- --------------------------------------------------------

--
-- Estructura de tabla para la tabla `pma__usergroups`
--

CREATE TABLE `pma__usergroups` (
  `usergroup` varchar(64) NOT NULL,
  `tab` varchar(64) NOT NULL,
  `allowed` enum('Y','N') NOT NULL DEFAULT 'N'
) ENGINE=InnoDB DEFAULT CHARSET=utf8 COLLATE=utf8_bin COMMENT='User groups with configured menu items';

-- --------------------------------------------------------

--
-- Estructura de tabla para la tabla `pma__users`
--

CREATE TABLE `pma__users` (
  `username` varchar(64) NOT NULL,
  `usergroup` varchar(64) NOT NULL
) ENGINE=InnoDB DEFAULT CHARSET=utf8 COLLATE=utf8_bin COMMENT='Users and their assignments to user groups';

--
-- Índices para tablas volcadas
--

--
-- Indices de la tabla `pma__bookmark`
--
ALTER TABLE `pma__bookmark`
  ADD PRIMARY KEY (`id`);

--
-- Indices de la tabla `pma__central_columns`
--
ALTER TABLE `pma__central_columns`
  ADD PRIMARY KEY (`db_name`,`col_name`);

--
-- Indices de la tabla `pma__column_info`
--
ALTER TABLE `pma__column_info`
  ADD PRIMARY KEY (`id`),
  ADD UNIQUE KEY `db_name` (`db_name`,`table_name`,`column_name`);

--
-- Indices de la tabla `pma__designer_settings`
--
ALTER TABLE `pma__designer_settings`
  ADD PRIMARY KEY (`username`);

--
-- Indices de la tabla `pma__export_templates`
--
ALTER TABLE `pma__export_templates`
  ADD PRIMARY KEY (`id`),
  ADD UNIQUE KEY `u_user_type_template` (`username`,`export_type`,`template_name`);

--
-- Indices de la tabla `pma__favorite`
--
ALTER TABLE `pma__favorite`
  ADD PRIMARY KEY (`username`);

--
-- Indices de la tabla `pma__history`
--
ALTER TABLE `pma__history`
  ADD PRIMARY KEY (`id`),
  ADD KEY `username` (`username`,`db`,`table`,`timevalue`);

--
-- Indices de la tabla `pma__navigationhiding`
--
ALTER TABLE `pma__navigationhiding`
  ADD PRIMARY KEY (`username`,`item_name`,`item_type`,`db_name`,`table_name`);

--
-- Indices de la tabla `pma__pdf_pages`
--
ALTER TABLE `pma__pdf_pages`
  ADD PRIMARY KEY (`page_nr`),
  ADD KEY `db_name` (`db_name`);

--
-- Indices de la tabla `pma__recent`
--
ALTER TABLE `pma__recent`
  ADD PRIMARY KEY (`username`);

--
-- Indices de la tabla `pma__relation`
--
ALTER TABLE `pma__relation`
  ADD PRIMARY KEY (`master_db`,`master_table`,`master_field`),
  ADD KEY `foreign_field` (`foreign_db`,`foreign_table`);

--
-- Indices de la tabla `pma__savedsearches`
--
ALTER TABLE `pma__savedsearches`
  ADD PRIMARY KEY (`id`),
  ADD UNIQUE KEY `u_savedsearches_username_dbname` (`username`,`db_name`,`search_name`);

--
-- Indices de la tabla `pma__table_coords`
--
ALTER TABLE `pma__table_coords`
  ADD PRIMARY KEY (`db_name`,`table_name`,`pdf_page_number`);

--
-- Indices de la tabla `pma__table_info`
--
ALTER TABLE `pma__table_info`
  ADD PRIMARY KEY (`db_name`,`table_name`);

--
-- Indices de la tabla `pma__table_uiprefs`
--
ALTER TABLE `pma__table_uiprefs`
  ADD PRIMARY KEY (`username`,`db_name`,`table_name`);

--
-- Indices de la tabla `pma__tracking`
--
ALTER TABLE `pma__tracking`
  ADD PRIMARY KEY (`db_name`,`table_name`,`version`);

--
-- Indices de la tabla `pma__userconfig`
--
ALTER TABLE `pma__userconfig`
  ADD PRIMARY KEY (`username`);

--
-- Indices de la tabla `pma__usergroups`
--
ALTER TABLE `pma__usergroups`
  ADD PRIMARY KEY (`usergroup`,`tab`,`allowed`);

--
-- Indices de la tabla `pma__users`
--
ALTER TABLE `pma__users`
  ADD PRIMARY KEY (`username`,`usergroup`);

--
-- AUTO_INCREMENT de las tablas volcadas
--

--
-- AUTO_INCREMENT de la tabla `pma__bookmark`
--
ALTER TABLE `pma__bookmark`
  MODIFY `id` int(10) UNSIGNED NOT NULL AUTO_INCREMENT;

--
-- AUTO_INCREMENT de la tabla `pma__column_info`
--
ALTER TABLE `pma__column_info`
  MODIFY `id` int(5) UNSIGNED NOT NULL AUTO_INCREMENT;

--
-- AUTO_INCREMENT de la tabla `pma__export_templates`
--
ALTER TABLE `pma__export_templates`
  MODIFY `id` int(5) UNSIGNED NOT NULL AUTO_INCREMENT, AUTO_INCREMENT=3;

--
-- AUTO_INCREMENT de la tabla `pma__history`
--
ALTER TABLE `pma__history`
  MODIFY `id` bigint(20) UNSIGNED NOT NULL AUTO_INCREMENT;

--
-- AUTO_INCREMENT de la tabla `pma__pdf_pages`
--
ALTER TABLE `pma__pdf_pages`
  MODIFY `page_nr` int(10) UNSIGNED NOT NULL AUTO_INCREMENT;

--
-- AUTO_INCREMENT de la tabla `pma__savedsearches`
--
ALTER TABLE `pma__savedsearches`
  MODIFY `id` int(5) UNSIGNED NOT NULL AUTO_INCREMENT;
--
-- Base de datos: `test`
--
CREATE DATABASE IF NOT EXISTS `test` DEFAULT CHARACTER SET latin1 COLLATE latin1_swedish_ci;
USE `test`;
COMMIT;

/*!40101 SET CHARACTER_SET_CLIENT=@OLD_CHARACTER_SET_CLIENT */;
/*!40101 SET CHARACTER_SET_RESULTS=@OLD_CHARACTER_SET_RESULTS */;
/*!40101 SET COLLATION_CONNECTION=@OLD_COLLATION_CONNECTION */;
